city_id,x,y
1,9.047585033368211,69.01370593496998
2,48.04989604749616,36.024501150981514
3,59.82096638286567,42.31399527665031
4,32.92385559863009,20.579140947539198
5,40.73733225028048,68.45314780260468
6,79.86973750936151,33.13019212388547
7,85.3950149914471,23.440688646445917
8,45.769300762366285,11.928124659499728
9,75.7423993909436,1.0554507750091258
10,33.2212495535319,45.243983042401005
11,75.04578909068067,38.968390296740985
12,57.30178708276538,62.53288450515384
13,3.1135292825870464,65.55155928469256
14,71.91357354620365,42.40777255761593
15,33.10437233518682,81.64682503933682
16,36.67590344239841,39.963910381611875
17,53.412476675226195,82.54081286460759
18,72.7907567603283,84.61610144596993
19,49.62524899786632,44.97606936983827
20,13.808967653791681,47.551061611769406
21,6.4293404296037915,37.138647572003514
22,88.4692712263809,65.42123252985166
23,48.246884722754324,2.1061399085780974
24,40.289567973830756,68.8335263969168
25,57.710494295412616,68.97512679936995
26,43.502160720706726,22.1418346985114
27,10.807106209086747,18.889425456811214
28,90.64674223389851,6.192269539227368
29,28.977476519803027,52.35915890090636
30,82.1677209650031,56.534512937730554
31,33.359346226285666,99.32064614740841
32,8.581155555013964,6.919532830928032
33,4.618310650410795,57.742645943862684
34,68.0203690150255,33.94753631463387
35,35.673356758138084,87.35251980871864
36,81.75915002132392,24.006762186083286
37,25.859440210923555,28.01267187161569
38,95.94202261068234,89.23697911133203
39,3.8075355515443055,82.127754872701
40,31.725556429165525,11.396901982519992
41,33.711137520252834,77.03179240430958
42,55.55356665581983,59.74383968270913
43,7.735323269053551,84.49363258119172
44,83.00350671414357,68.54673997940719
45,9.148706325441037,75.03676806403169
46,57.5356297138982,58.44040295713465
47,27.633844668050433,35.14190210110304
48,95.84094077506039,74.40224629472434
49,95.99150305208387,9.114394364352819
50,81.4570225709981,16.577037885931766
51,33.29800508401102,42.07702562563114
52,88.02025657252526,29.68815148452305
53,3.957995691589744,27.979058015985657
54,53.14387322724389,91.70345133923523
55,18.063324719560313,51.26862269544815
56,8.595184425826885,72.21257138852835
57,79.10142526421218,24.378350383735427
58,76.7242495585133,42.25426755862826
59,34.31787295141291,28.257384915342996
60,19.67358380340346,59.44700105581438
61,66.8152946333241,65.55145542109008
62,80.03499158935924,93.65383692167242
63,81.91571045252223,22.72341858542547
64,4.436925328823782,4.237778642298828
65,12.799439300571436,49.88139828761633
66,69.23467922486427,18.10716278505812
67,53.82746272090547,25.489019775563026
68,0.9704670551349714,50.873149152143846
69,0.9599444296011783,28.165010179445847
70,50.11850578722859,88.21013952027194
71,45.66944108410237,37.27577933013282
72,83.41827562448285,60.20484557462861
73,27.75990909422692,77.97877294599024
74,73.65604657680305,58.276874991547736
75,41.962074043241515,47.51673425203722
76,92.79635499164381,36.79054876233394
77,96.48339289147901,70.31608220247294
78,42.52763031720722,90.28283052029823
79,8.647017609689843,99.86695979571489
80,73.80818441176173,83.04695405958569
81,95.86204919370373,25.56165250154595
82,27.437046847316083,41.156971423343215
83,60.97564306368282,84.29537851129521
84,88.06586543514084,83.0605139969844
85,73.65162786888966,55.63115908602377
86,89.37494159854951,10.36614306182445
87,30.594402686540256,44.02946788498436
88,72.59466578831922,89.70210927982035
89,35.33475255750167,62.94866702367222
90,62.94894743060247,0.32416143333525715
91,66.01362709490806,35.666510704330236
92,37.0259719941256,43.87841747257999
93,31.05484425276941,80.51808023136334
94,67.54323459693414,87.00979158872495
95,50.99267790735422,29.26568282450628
96,64.27940527021528,18.280111241145814
97,22.78939521410217,47.857047665888096
98,52.74830634597476,83.84424101248355
99,98.32297679923516,14.949131083983612
100,74.90520938748605,13.269684594570286
,,
1,55.27913761574739,73.52182004098918
2,93.69995124105337,51.24368574118468
3,70.90226901759199,18.692087616948783
4,36.6747671491861,83.44713299654705
5,43.84959854285032,8.381360874866385
6,18.67960930948318,5.942496666387753
7,48.869380529516945,11.92855999852055
8,70.1332096655036,63.41005947992892
9,85.11617157963434,68.7117075487815
10,77.78463814036455,70.86751328240132
11,24.125927191580253,55.786331843411084
12,21.48056650475064,61.55021567330672
13,15.416644900709686,56.01110340631498
14,41.690512599221464,73.9575339023446
15,51.17126916374253,85.62563633685346
16,52.94083466053161,85.81270642661507
17,28.9133493614254,32.1567712389813
18,45.39768468930285,76.68648821157856
19,99.9998210059035,65.84872958238542
20,70.19307568348576,88.01242909620845
21,96.61435880447186,97.60503383239076
22,99.97620784914987,91.04405600192797
23,2.466695320292356,56.485959743821304
24,62.6180678891698,79.90449310545215
25,30.48454948560796,45.38264400248732
26,2.0217246620294227,22.459726992899032
27,16.799641984146053,35.627253646308546
28,40.924976771440456,60.25820427617887
29,31.819987378751367,10.46822742676541
30,64.87532909995556,84.46306282971858
31,3.7812705238616573,45.063874658047354
32,51.78684508921093,0.5541792361702713
33,20.204309334977356,51.69047218283175
34,81.0657023155268,20.148174271119256
35,90.9264582612234,90.97577057487138
36,76.25103415054458,14.31753953752083
37,43.522070290781556,4.357740910397623
38,38.29051179861218,4.095496014008527
39,88.1049022098921,38.10339642720587
40,61.72334277918391,19.608460329845723
41,12.775758151865347,76.22021925854773
42,44.820139482672474,63.61482800298687
43,40.163165709760996,64.75720298494367
44,35.68756194027913,0.8636984667946157
45,96.51026038854701,60.78789257642634
46,33.236119276400245,75.18020621408324
47,83.90792307331805,20.96350470570877
48,62.75581219087777,3.5179996386267565
49,79.83109666002709,55.819695865714905
50,62.61710114363339,93.94718363175676
51,22.60303482738203,48.419453776298546
52,44.65721950992354,65.07020265490412
53,30.534627156186144,1.9926529497990564
54,1.3686252892292083,32.976668113609485
55,68.15900787948223,89.79845984018108
56,49.58951933194696,49.714545758139714
57,29.302450488192346,26.250941810431804
58,77.77015454888289,9.536268472551201
59,30.259555833448516,38.59610853785077
60,37.82872965247066,45.80720105874436
61,90.1108571289673,35.235579516783076
62,15.965338974295806,54.14773484880252
63,25.425024826940046,3.4574232707059394
64,0.7998690414310117,85.59743427959322
65,9.695602700266093,89.51183586091096
66,6.175286673050473,83.42578219867174
67,42.46856402151895,84.7684634314372
68,41.49716704993508,26.49781346652422
69,80.24886722656414,62.814228662552516
70,50.762038105522365,70.98048288370983
71,60.662879186885064,74.78562053905301
72,57.78580870882072,47.053142434499506
73,71.126795648925,94.02931600723768
74,79.72685736334111,90.20890280105492
75,64.70721339313415,11.045586141890906
76,68.57914074445524,58.03990263921618
77,82.28157338000223,24.77903987657647
78,43.01654139229246,95.8182324553923
79,78.40384081372662,95.60348411043171
80,45.97683000079914,8.061455361164382
81,4.296483003871732,30.849888371101063
82,60.744337496089706,67.184984417098
83,27.377459456328978,82.4570441004494
84,41.60004447603838,40.5612104955328
85,21.254302169770177,28.790681686937802
86,24.142114195411168,98.03313098748924
87,41.21728442786168,16.75060125476453
88,66.72774365584128,13.365292352810144
89,23.373218397852902,40.18775351046715
90,24.71992370759841,23.77305649899506
91,85.34316857439237,49.27004725544531
92,3.850122553161328,83.78053589076067
93,63.84540193986843,83.76257531294445
94,8.18150881456493,58.58094911698926
95,51.438382129645746,18.83152643256135
96,0.35104703993843467,5.199657565958093
97,76.6117490568381,20.065814150458706
98,12.998013203604486,37.29892534774167
99,4.130541909591178,22.688903320532805
100,48.98568827141305,83.63617737407428
,,
1,60.96462027940382,84.94947934621663
2,96.41665732008951,24.965295742283644
3,62.991031562824816,35.16148087315091
4,17.833101840488176,22.033053173595853
5,17.478943378886992,41.15386905911287
6,74.03250157314584,66.16390564964601
7,76.71975582074467,67.84349686109167
8,17.174992865168058,36.42967113636154
9,97.10025039461512,92.90600482035028
10,29.89090246828279,33.804899535005475
11,72.76451911292929,82.78445460689102
12,58.787880138294646,89.33200376989305
13,84.15193645562499,68.00223156655552
14,74.3087424347637,13.915215291750071
15,80.89845696675589,84.34535025590839
16,36.68756627864103,43.140746042425604
17,92.76029598805957,74.19259390939236
18,32.74490890021029,73.6886250800291
19,63.63705888354415,8.615246273352117
20,56.08303885991081,48.53616020431395
21,2.5154717730619947,84.24440323468163
22,9.050355219108297,24.093629970221908
23,28.775665393944717,4.331873734855529
24,53.72713584840485,21.972522392778803
25,41.56595131843967,29.62729491046887
26,29.174389925468024,7.062963069028405
27,1.1314487424324837,18.97129276625219
28,6.266022735696253,38.76218926628911
29,99.32532365587878,11.968688996667886
30,95.97510616139475,11.893801674062699
31,85.71976986068636,34.82316727335514
32,19.34413091591527,56.79780558727159
33,15.653911367977457,74.7570561235738
34,95.16072458623064,22.343300586813296
35,38.24585796653627,89.7855671982754
36,53.07843357214536,37.34028371340583
37,36.825963189521325,48.04540648527418
38,7.586496453123004,30.16647980160936
39,15.556302301985914,97.80264312505032
40,21.591072478899854,2.0155203421652113
41,22.828626915635642,34.26000919628829
42,69.68310722349594,84.8569192315032
43,98.00392898066946,32.89381259649512
44,5.338918307412888,75.35862297318566
45,73.76119685146033,69.14314703141288
46,19.711434457050824,76.0486167840552
47,86.9404976859813,60.038196049526874
48,65.33754524556998,30.35890523876128
49,56.81760321478882,40.10283347676595
50,49.415437042779,22.48553055483088
51,33.14181783399965,1.7009637379924336
52,90.499742368521,55.09251633104031
53,78.67323520482294,97.24612595034343
54,40.73243756791343,75.28145952332036
55,70.69139082578656,70.77924585980185
56,70.28861148369008,17.332685470582167
57,94.59827552763187,27.473130374908262
58,44.96957588416202,50.70724909312814
59,43.457281952856405,70.24513994640522
60,60.58173479623651,2.8491641052261207
61,83.67123585165648,76.72695538885337
62,80.00963703026962,38.98463296394096
63,40.42784226817889,80.82325102294203
64,64.46810643477518,49.37480251335595
65,97.13159387902171,60.02304995634796
66,6.810409053251076,13.037435169443402
67,62.319790292811085,0.8721952537396827
68,87.5414689485652,33.77278542997956
69,92.56835570802468,63.88616687620795
70,40.81681783228836,51.147986223905875
71,36.77478125167747,93.31698573071907
72,62.6105424180406,5.057538849067445
73,40.31558332312088,5.895898063698091
74,18.748950354137218,50.30650062798565
75,97.19199552176082,49.84780894044071
76,19.778123835070673,23.15685519826316
77,95.52758383920094,2.1820602477769513
78,46.894135377777644,69.9967353159736
79,23.04609464192969,4.648240816415239
80,85.99162295384049,5.074862116489232
81,69.83593572393511,74.02961904739358
82,98.57677474586666,77.24835544183118
83,33.25229884314871,37.87959784824283
84,11.616535856455801,91.60740329773773
85,27.166455369962918,68.34425806190589
86,27.800227130764064,32.79349283111852
87,9.042400944659379,8.65432682724604
88,45.24973819995509,26.96300719136284
89,88.74297496352406,31.811971359531
90,0.31000152152852456,78.68576427451313
91,67.16458089465894,97.81707499149638
92,32.44573601903941,95.56821237323169
93,87.26193388636253,11.7541099021219
94,43.79313084642958,24.52546786978139
95,90.29972370551725,33.701583364300056
96,71.35320995856614,59.675658658167464
97,49.81720884352174,30.70172553248245
98,40.811558388811605,85.05425502876123
99,51.416148931145656,46.71243505647891
100,81.25098136727644,82.94255154763806
,,
1,88.37338537693745,46.99983396001151
2,22.47014754428891,37.81978523728826
3,95.35353409608877,45.073913191293755
4,33.17789277802633,62.58186664430839
5,66.90156210081028,83.45136597030559
6,40.98762877991874,49.12825113520963
7,72.39908367516642,60.27343874703022
8,2.8081469132866244,32.97176662177649
9,34.63452193340467,1.3156767380145484
10,3.393337700543353,13.748016105998817
11,26.467258201554746,40.75078466460761
12,37.71079673083611,62.144869063047366
13,85.47168403486617,96.4936747228425
14,3.6345089985371004,21.410686959429658
15,20.06520158393651,29.359503926538068
16,79.04820975086359,1.4905700762882446
17,43.05256404787401,89.20693395353099
18,25.236249717566196,72.7321327159416
19,2.232095999573458,81.26903811699698
20,8.876887733993987,35.386337709257035
21,67.3428128980528,57.23805059426983
22,49.800288281793705,44.24690652380069
23,58.526878142662774,87.12798083741265
24,86.67860833483205,89.45236045161575
25,75.95900606484508,86.59881613850831
26,24.746206461961506,49.25227953478165
27,25.34379596842499,29.720129941126427
28,23.718043332043038,5.222993308463031
29,20.08820087773384,70.65684430149284
30,67.18234174480787,10.61250922133784
31,85.08323139739844,84.27837904912147
32,8.255345106590429,89.8655516350749
33,31.612966842923583,47.52144954519745
34,30.34895998522772,1.7304005721523352
35,82.43810661395591,7.841857676757192
36,65.8685153913209,96.2727008906727
37,62.211174206086795,14.650430808421111
38,98.54870588963513,26.1533045059933
39,66.71477391057846,19.63796825130848
40,91.16239866959714,29.24562213663823
41,52.63659932728705,9.902369147247747
42,50.09669493242262,30.4880811485294
43,69.10911955050533,39.193681789413674
44,18.301121083453285,60.04011284818868
45,94.0225066974738,96.67174306845455
46,85.5372889112083,66.38596968226395
47,43.70763790354889,18.425381132145525
48,44.914860693544476,50.15746590507501
49,35.55440886055183,66.37512196304901
50,29.106930884260805,43.38129823694293
51,69.87756305282798,2.316338781277716
52,53.80480502345196,41.12258310137179
53,96.3123986445221,88.88578207065724
54,90.08859111641677,69.97315445796987
55,44.56981455841124,39.27034010017489
56,73.44734988755718,87.91997591753398
57,94.42404454123776,68.51729857349842
58,0.5467615497117717,37.398681993540215
59,12.094831681641715,67.33085305536353
60,38.511764902303426,19.563428592477695
61,83.7580192937302,12.199478707939782
62,47.477695205517946,30.098078902983083
63,48.75408379711208,41.4425246483098
64,95.87132977876728,75.56802191095919
65,95.63151945254938,35.626292705032256
66,3.201147278446259,74.0614515983159
67,67.99338558012249,96.75965283448538
68,39.07790377027157,76.30454542664579
69,79.78223487621634,32.02053822258867
70,95.552302087424,78.20033896266129
71,38.710719376170225,50.6396609485398
72,36.80143344173624,15.759223479808881
73,99.39943145999112,10.631305558606119
74,47.86949889918607,30.43631820973245
75,65.89328828873889,93.2551556240941
76,63.88741238509403,56.304816114513244
77,61.41031232157199,36.43661020663982
78,83.45539825840912,89.63264673664627
79,86.34985894423836,9.705456071367902
80,6.405133241791139,99.92512653917079
81,87.97682609025867,87.0789299122214
82,34.2461379290401,89.38277087325002
83,37.010608248608115,47.50975106884409
84,32.69887610500803,27.575083989646643
85,63.756110311490545,7.940424431122251
86,94.39767129362428,60.936907345093786
87,87.59334334096755,96.99547883833917
88,96.09698419388944,92.8584067460329
89,54.15059649630464,3.4190620948211015
90,90.53090274956712,43.40689793503118
91,60.43368706382748,85.91555600728707
92,96.94729228905057,20.36089085832685
93,82.74291939336001,10.268582499176283
94,43.22685793205883,73.58292987245362
95,47.95809238901347,13.075677002799157
96,35.038669989238414,21.271873325527267
97,56.02062352084839,17.73211435515463
98,75.73161166977397,5.7889698064127915
99,90.96723156827909,75.17646065007503
100,52.40003930556087,29.381488127444623
,,
1,75.82711135481233,41.09506855323753
2,44.01687613279064,95.49095800333428
3,25.437582215515185,22.11056278413507
4,17.767911052106665,83.27315465646234
5,8.28036799883437,55.47539975933735
6,83.11484660716282,20.679071521632906
7,97.89260653721325,54.419596869878575
8,21.780096519579907,93.11728553506097
9,99.4669750850751,87.15296002314892
10,94.51612454869583,30.755286468370457
11,69.56304147590848,75.13474097667891
12,42.892172770880144,45.67426283694209
13,90.25618082052705,15.170749015668072
14,0.1935792544102033,69.9398499497661
15,3.468809609963608,68.87651140666476
16,14.443938074261675,38.72237473332586
17,67.56920639690081,84.2147247796793
18,89.49919847459027,36.847654339339655
19,6.366986038789757,3.7083600171899156
20,47.694609091072905,89.80116591475871
21,51.19202632962403,96.72636215438078
22,78.18371053777828,34.044688145602066
23,15.725678830789501,25.85091680472088
24,73.14896977894422,10.806339004734033
25,46.958443261803794,93.12457883076449
26,20.893667859442722,63.84929647937051
27,50.93110420776695,72.77042134826269
28,21.78937479809463,83.62992194978582
29,29.61322926845371,29.98962537901756
30,18.98511099257034,14.838198041474747
31,18.743078620706356,50.54335512267208
32,44.4618083887783,28.17049096461133
33,62.114214633305664,20.908540733549717
34,19.433404115111465,61.30246180254816
35,74.26524659068731,42.727321171321506
36,71.60156244130823,84.21471699022976
37,74.01294567620384,91.27580729328206
38,7.47758354512722,68.19386099270773
39,47.89155745885426,5.571495310575958
40,90.05345739633086,43.21157331057588
41,92.1852869823434,12.354932383757012
42,80.46208558275471,71.95800161447785
43,44.702709690778455,72.93795678658273
44,91.51944978126694,88.99487873559866
45,36.62020707584873,71.58247389781063
46,63.36077122297776,84.4371936759567
47,71.29773589614126,45.46172266703253
48,37.78000835031373,69.21577654074427
49,71.36643116283209,62.473773754237385
50,42.92711890705581,18.57995649061871
51,35.01669833260521,43.72037157226537
52,44.545992053790016,17.952337133937434
53,55.79217277495134,20.214973897295284
54,69.2721881428194,71.48776661752724
55,13.257328852901296,74.87196730044006
56,82.7949639573123,93.72505920897078
57,40.83070213919462,98.22206537901079
58,74.31179290206804,37.836253055194206
59,79.4360488971238,28.823085618340237
60,98.2183150557225,35.69560612270831
61,54.20386525054993,88.98389982251517
62,33.47299426134826,57.54051407589594
63,11.899896329986515,98.41729908082057
64,69.9442750972122,77.5496116147337
65,63.138712430419794,7.9797590943942005
66,48.99009857839922,26.168619118259073
67,43.457104333658094,27.97735887764371
68,37.97498919378391,94.61979746827008
69,14.66523725406753,60.76038922278742
70,49.912539336145066,50.95983386586236
71,90.43119671596438,89.35008829726925
72,81.68486716511411,75.22285026019104
73,68.95799273928186,47.16608121829381
74,42.05986726596238,24.540223419485308
75,28.042111087023248,34.25355831980307
76,7.256857067104516,62.78767855187895
77,85.11531697053613,22.50481930281826
78,39.35018684884314,23.122260050626597
79,26.096961115938498,38.46060826562315
80,98.02833620341393,20.187966434288896
81,12.429747543242565,54.72891362785495
82,45.65947619690732,56.94811960513321
83,34.33360061943217,66.13209247817508
84,14.890434950701303,23.14384488191378
85,47.77796850646926,75.40532514330901
86,43.55616203411283,18.220836635138436
87,66.20873932475692,92.51284963963184
88,44.61131510390515,95.98508724148068
89,35.79194951282793,88.62077008670039
90,83.88504413883825,81.18080785334566
91,13.299163553009807,43.991792766289784
92,2.6195738124002332,24.045047118052388
93,72.05132075258754,13.586698505779415
94,98.2710996077181,96.46259699376536
95,47.81860512280935,89.15892185703773
96,40.2012652356361,88.6150185046329
97,18.48364321265875,9.001142630656567
98,13.195396113432755,36.813402793747244
99,92.52790142667374,26.73604842324062
100,10.707366482757685,38.49247078073873
,,
1,64.11167460808926,64.68132080476784
2,7.695383354367458,49.17604650065278
3,13.110018968238347,45.80259542288195
4,75.79886938335139,21.766399076573396
5,20.755852572915156,7.6606192169872305
6,31.37673419438084,98.05960362259044
7,82.0478455648367,43.41759631160292
8,43.43272683750305,28.7743924075223
9,26.37835681452315,16.557889860394535
10,65.51945092685887,27.33833860537871
11,91.4014454340171,95.9223988301803
12,69.40165779643254,16.26701940090276
13,1.896713961287677,1.9831352313372297
14,65.50644214970633,52.55989466808495
15,45.41935474741074,62.97699691573499
16,19.196963364411047,71.739852472008
17,89.38626558130264,39.352094153545956
18,73.45228876189509,34.07335131835725
19,82.87963562006249,35.71072229552526
20,36.19317555219562,79.17268174061792
21,64.62444138132753,70.41775895923972
22,72.17983493094141,91.04427041411437
23,38.49234362617372,11.780854465317725
24,92.00647048845127,99.14462206077897
25,19.358627704381604,71.835738399454
26,49.96272317792722,82.78078691560509
27,47.71338282133741,18.873063146813596
28,43.83284329975075,36.55597533884261
29,13.135368117149504,41.281262348683725
30,73.00766541750366,1.0575821887182535
31,68.17734307033058,20.688543881074917
32,92.2887810458945,83.76004284663456
33,22.78443102460742,25.752204812761992
34,5.919157424552102,86.16599007187888
35,79.9498811667077,78.18185262828487
36,57.64402696182118,42.26162260438295
37,15.389372012477542,74.56100221957908
38,42.938074433668874,37.44783795897044
39,36.370337717582466,35.15764793083245
40,55.74613013760202,51.16554992345177
41,82.79942335714394,49.48042276834621
42,39.488573256226076,46.284104015902514
43,57.449507857651604,98.23721646016328
44,22.7600431903624,37.97463230548905
45,75.91819725678526,15.303451019193194
46,3.574324770011028,83.26011025561955
47,13.029750190269407,99.9589112383442
48,35.654229543569215,32.13196807325941
49,86.35777235362006,30.59550513304655
50,9.16706804831252,38.8070011483459
51,28.64699957488096,21.376343747516202
52,80.64063272346671,98.97483506753952
53,61.15459907525535,95.98969871483519
54,24.07074709799647,89.06156329501928
55,35.84097527841984,1.4654803787977677
56,51.291523176749585,22.253042698410862
57,53.532398249825675,90.01121375728603
58,65.35909228211652,29.051937851198716
59,81.59673763810848,24.39773990928743
60,51.21577307341006,92.75749213900477
61,10.95909302817848,82.91452677763932
62,8.900039836487128,72.32150143052723
63,6.072726435580611,11.712815959628442
64,97.60729976034199,55.5377615300417
65,9.466350908582799,95.93781559305253
66,60.6273865708684,11.687523894430974
67,16.713262404380657,93.00446846940065
68,0.805848983474744,33.222782927866035
69,71.17756914570761,84.05205544293221
70,29.36043557920073,9.93964274580833
71,47.27147781457379,54.13561678416603
72,92.10837280416135,90.75012681483963
73,49.72001221675174,89.42072389303333
74,86.22578766232535,79.66801174117812
75,14.269710942572967,80.16375508592564
76,32.39962539656233,85.16625212690533
77,4.390090268320845,57.973051874611905
78,7.995787261318055,65.14892390201365
79,95.76652689242074,42.75657911581314
80,33.53200653921864,48.529363461381855
81,32.62742770801407,52.45220920838282
82,97.76314814418696,39.3710474852596
83,98.04683659447738,27.83345122685358
84,36.82712221914286,39.14039332722433
85,4.5459100733049596,62.28400907345708
86,42.38434621711916,17.78225803371134
87,89.63768097452942,86.42055197130689
88,41.17049557541645,51.70004264393969
89,98.97920285884034,2.997525563579262
90,71.74266816105312,8.113480426978247
91,86.90749341393662,40.37514941717119
92,70.86675384071688,34.12414380969915
93,9.743163880451588,14.192955375481597
94,49.78694969393758,25.066356503137342
95,26.46099577306472,22.98351513128266
96,62.22670696034841,89.71106192753315
97,59.613887864549476,42.04881567657425
98,74.19521484972542,17.693739594076696
99,36.70679862340764,29.43918396961679
100,67.78108131775113,24.286018291085064
,,
1,86.32578307938958,78.86363595656388
2,83.87636400371031,49.25291536763393
3,47.69233882760102,29.15714244831561
4,69.90172750729066,35.873588935004754
5,33.97443282022229,1.4373939804597669
6,38.04537873975901,6.567424471964644
7,0.9434803545792847,75.46459601963412
8,59.07744455944298,49.599046320796006
9,73.39189187845727,48.793889991400675
10,11.058904262928525,17.519297224818274
11,12.066947839042374,96.16529590278462
12,39.20993064919295,60.11167502500161
13,63.88663978818022,66.94077425289699
14,35.5542114693444,76.59837079824396
15,4.389221201374305,25.967284177225558
16,83.30974142037354,11.090453922052578
17,80.05977580527191,76.98322152310834
18,76.48016548887215,49.194066888959675
19,29.013571539404616,63.476416999075646
20,50.72190042578399,35.14557579032221
21,95.74212551299203,5.60022611286457
22,87.69771678368501,77.75502431811164
23,80.6988103735534,30.364146276056616
24,82.9090669397375,43.15620581078138
25,31.01199649647217,35.47559885377213
26,97.99741912998732,12.813537984744316
27,56.48326690643331,88.02837215643643
28,35.69055151168242,9.97906717920526
29,8.323477462326812,84.51338456887433
30,21.27671919905445,79.20461917803985
31,46.07141123633542,19.23431065700668
32,30.96923556890372,9.540911614455737
33,0.8268154230922087,9.094674807857583
34,1.6831049825807631,11.43516217702235
35,50.83149279794561,47.0825268908027
36,97.46746561470265,24.11084856090203
37,8.283474582992966,93.44166714817666
38,22.252480141792987,21.19831118583525
39,46.25574260417999,58.751866358161074
40,41.21005358013132,24.505201792227226
41,31.084522624085487,66.98131341804098
42,21.058303930111443,6.90449462130146
43,80.81449121848229,26.65545007317981
44,87.2419977629107,54.49955616429718
45,4.675018405968123,70.34219833489824
46,60.48880043846566,9.49917429224042
47,99.11132830252052,71.79707024364477
48,37.83050100417361,99.27272105211901
49,39.47406295455923,5.709948780949603
50,14.36002985494772,99.63364858505942
51,86.41722262771779,69.54619148861408
52,31.936792409787095,85.93656302244015
53,88.16630927003058,87.3463931523092
54,82.36149814773334,63.34674821108342
55,99.555078246207,45.956869743183034
56,47.284155291075095,77.55883234881034
57,4.06747623166509,3.532645961475689
58,86.55947523355712,20.65477657751863
59,42.58388410954134,58.6925640645238
60,9.451989820331042,40.73228834909292
61,24.4561709456653,42.599404305248775
62,81.5238137217009,15.94070902574326
63,19.78502155284524,58.765321972228115
64,38.919081788854406,53.17829846719563
65,44.497203946531414,51.54416937469443
66,98.48224240507545,91.9400673854017
67,31.904166750301975,4.361113166437114
68,2.3598548765254246,90.09116054934326
69,45.101103629559944,76.6200706483158
70,92.38141478439698,45.11653072159869
71,80.83000614660546,84.51993150187974
72,35.61773266003251,51.09040443521282
73,66.6480156473444,5.154465444590839
74,95.09020221017437,58.61720763699623
75,15.983273556619027,19.999617252865132
76,2.6744308898741465,83.36665652675184
77,75.74413274881351,1.5245549225412547
78,6.9346970538396775,90.32511142359068
79,39.46525779057223,15.840879045236333
80,27.08569880150231,79.95345428108955
81,36.32086953312522,97.3562515158743
82,90.19295596759393,46.0625118654132
83,57.586809969167476,27.322366554925836
84,38.23115458474614,22.752929112933128
85,83.60873855163219,90.70368844984726
86,69.39841167132784,60.83614739583215
87,42.49077201614807,26.149176708814704
88,16.158900760864746,32.34744701553303
89,6.887042239288599,98.59823141907131
90,87.66019703609538,55.21463780360527
91,78.79720751745533,36.14158185314486
92,67.55230154815757,29.123554738805524
93,38.15407803963197,43.089176656831384
94,45.28937540002775,71.40213756728167
95,84.96698027270477,4.5631634517999125
96,39.16397939807793,50.92156443424699
97,46.681986739916596,38.88413813363998
98,28.77147020868679,17.020681267181402
99,32.95312627066299,38.25194695673508
100,45.33570799512102,57.1745723525655
,,
1,47.29630560746402,49.50054614497784
2,43.868706560665174,41.8690650029805
3,34.04204543056122,37.11089337486912
4,96.70995499181205,61.21814395477687
5,56.67801703480125,42.339422864049745
6,84.14709215263188,6.4731279461160085
7,82.95939636051668,73.12379404704711
8,81.68583899778339,56.481434233467695
9,70.2567562906583,67.1626487299384
10,69.59951552557695,69.71908656880181
11,94.18377713613195,5.067150177286662
12,28.421066733880973,84.89156897753023
13,3.67639525660749,6.985210407904385
14,16.046346144350355,50.455491227433235
15,71.90679528465449,18.74243968255217
16,63.092688425030985,94.60285636255534
17,46.18632512896049,87.82852423201663
18,23.779785562858223,36.220192136975434
19,59.232978398262794,10.353899525363996
20,50.267723647486804,29.452395047300726
21,64.97325332745181,18.690583337770462
22,62.853937470575026,96.01316963050054
23,23.264103261462367,14.657785999863615
24,64.34560739677575,76.95588810136641
25,96.11876630144297,91.63672436773098
26,43.5791162696533,72.70376417860402
27,7.661995543514566,74.34467666026688
28,80.64893360159596,28.679806136281382
29,21.60879549891427,36.006466372073476
30,29.6003793131412,27.061004260222088
31,19.458866047475198,70.84586676833135
32,56.59367908342088,30.588587019190783
33,84.00628962725968,68.17870229593554
34,28.89654009901288,3.688823193685631
35,97.34105244740651,42.74147753974591
36,58.17087665859606,5.38305436447617
37,0.3347665653499199,20.660131779732883
38,23.35944605870839,23.197967359581906
39,53.37769157518443,1.5595565779059406
40,82.12950238203337,1.1641164074588484
41,88.26415769661968,20.99140876188613
42,80.01416845275288,95.7498688372493
43,3.363895614571466,46.65483999073937
44,83.4788027879747,4.74365294883391
45,63.49402061572207,37.14459489806693
46,90.72620465388536,14.264389440175274
47,8.83013771749377,14.546555576286046
48,12.472241525158367,30.957902847828656
49,80.01951028573579,72.96276831009311
50,9.827287283390685,46.047042025843986
51,12.903662998421828,73.65539617141529
52,68.03501318383405,22.43400343390668
53,95.8179289513127,22.20232277780735
54,11.0853936325641,16.706581387497486
55,88.30739818242235,94.85427464540153
56,48.11408221104087,4.302807239459239
57,47.34671157586048,42.82691234840226
58,17.289755630080094,29.020266621830782
59,68.695123967297,27.720961028480172
60,92.45579090109561,80.78219749436691
61,65.50181401449868,28.843617785987163
62,12.389936794245182,24.20352117572826
63,16.60951609956326,41.55892302063157
64,12.30258360948312,84.5517276242452
65,92.38710062427312,35.666836590988225
66,98.15628668611345,23.289562323175762
67,37.47356197396299,38.520397667748504
68,83.53662488174072,80.61923641189559
69,90.16548716565173,23.76342548832131
70,76.55589236466828,9.424170782016928
71,82.3563624647837,80.24880282258383
72,20.95759625445721,38.31113254978449
73,45.64819181349547,57.285544102643506
74,63.806597079279705,31.88993856757548
75,86.50150367535375,50.50981911170444
76,34.393447407406676,98.39941227548103
77,30.96638499601674,90.73552952071768
78,77.37357732702765,72.97061763270712
79,37.22161756535215,76.94666623966918
80,99.86386401096091,33.23091350346845
81,13.760644198760385,89.15445725164392
82,29.18634781623871,9.948829149162853
83,81.82812952196898,38.538012003769815
84,4.074568791904943,38.86743175101513
85,30.82755288617889,5.988691407862445
86,62.62844258021516,7.673120572850822
87,59.42102022882618,55.69987161728277
88,73.99711233891144,16.914850453839836
89,39.518129005221105,66.68652453051138
90,42.58270649546074,94.58701356816668
91,85.02494501781268,93.7243111765717
92,64.67194730112487,21.161791166515876
93,38.65265073036841,97.09517881225447
94,81.91642331730958,98.63227797952561
95,60.44994140597652,63.2735630837862
96,28.12945223708585,16.47187022384282
97,99.23725925663993,19.737794098140014
98,7.402514231604506,21.677408361875507
99,41.47376017331553,29.19967402886765
100,72.81824443405,10.326382670997658
,,
1,99.14568415996632,95.23427659665303
2,98.81649557165072,18.56815648961403
3,19.679490805799905,97.4487713280419
4,32.501668355542655,74.22400830662895
5,10.98274026853423,21.05386344950397
6,87.81733577521508,3.8278613687590335
7,8.997943077910675,75.6949821640264
8,15.163487058411107,46.209840232345115
9,65.96985111273096,61.77539451999729
10,45.35904028143833,75.28902554494763
11,92.11771989721605,82.90487153403693
12,64.05498063147232,33.90791330637779
13,41.37868323202814,12.842906967951528
14,2.9514520415132584,81.96106208172836
15,36.88801507350499,96.90150197047801
16,87.95700424816077,74.95810582485426
17,16.126867427838874,42.30525880085633
18,59.307810887608134,2.4190848866894155
19,78.20759463919737,95.25667544188778
20,73.4042387622841,12.48955860908798
21,72.37083811987505,37.240447116764976
22,80.68295032593457,50.29920132108301
23,13.388774580930551,28.965834649923682
24,45.77179609510751,15.311290723769721
25,51.194568785685014,62.05435701424975
26,16.499091335740257,88.83623205444529
27,38.56144853049304,5.676296561493855
28,64.24028801392348,13.892676545660121
29,65.565217243826,35.17177773023873
30,52.19902264917522,92.33656058069158
31,9.674426964479,68.61354770751198
32,64.51073649351238,23.39947203059762
33,13.786619142161038,83.1048002016372
34,26.5808201081991,89.51808589509416
35,56.46789296179967,23.70013623887466
36,4.7509613680059015,24.989946734377078
37,98.0190363556565,82.43016112468884
38,31.14887195890006,56.25213676086997
39,56.95913707441464,40.17794085376904
40,26.469542997938277,51.920966713274154
41,60.0606375724343,65.73226685896093
42,64.77876646797515,99.2581050105994
43,97.3958057914577,83.79151581081483
44,98.03220502247537,55.06267837288894
45,13.31790913729155,58.61732865337341
46,31.105293444478257,58.11103152160763
47,38.86089372561528,41.693911872365184
48,96.48023418532925,56.490387161318054
49,51.097421896788916,85.99609941682057
50,76.65532318042008,66.66097018281782
51,8.889374398921845,83.49274698859938
52,91.76727333972273,5.630384214461792
53,39.56609277416884,58.93318181407058
54,11.460655189215984,70.97207334396363
55,24.49456046237365,14.185909407576014
56,42.07764502086716,21.59346481325317
57,16.015843977573763,21.80302717824305
58,48.21528207070762,16.667306736456478
59,48.265225405781706,19.019904234804407
60,55.01971728603304,41.223088997109414
61,1.561341026091012,91.80156938156108
62,26.620004220844308,98.68102408709314
63,53.24993227992044,51.072681864861025
64,6.574165114473452,54.87354072504028
65,86.6133076898447,84.32646842261579
66,0.26373620068955717,48.42059823128119
67,50.118153010608005,49.34036724456754
68,49.50326612486931,92.97830215783434
69,84.23058646499652,17.069127772831028
70,89.24688022222857,9.451653108795144
71,82.62312383949019,97.75666129891027
72,94.70081854730925,79.29618427177911
73,80.76204254982325,8.00209219306921
74,47.02098050601492,98.67958602384448
75,35.88657406916846,19.859137042267218
76,51.176399723259046,64.33253042569524
77,20.081194178836704,87.70036682599208
78,82.18147157697267,41.30620491877466
79,29.77678554415988,97.76838433857255
80,70.38158967169484,41.99084059665562
81,35.938462934719084,47.281061674512436
82,69.67012369355847,6.54500677842329
83,31.45351386963684,14.465077354172706
84,37.04897617461248,56.85028202209157
85,56.4993609162308,88.38735939453026
86,76.36398045237372,65.80502296593565
87,66.30239058502215,81.67544062478976
88,73.41455406785875,73.76746831410651
89,65.00834511211552,88.6607975114174
90,89.31798204450925,38.63453414207469
91,62.05958821957083,22.26765731950642
92,7.530584756145187,88.80472430873988
93,31.069417380409202,91.20064811697122
94,40.001521358857715,26.193654113736887
95,68.79106807392252,4.521281325587523
96,44.61488150698846,62.21540792418401
97,87.2318240352531,60.332845532281695
98,99.41468757810362,16.29685453880525
99,44.588527982476144,73.17186080828269
100,82.83043820067343,67.77991990674182
,,
1,5.1178436681070245,40.00682816305997
2,35.98942804049695,29.881924005640204
3,23.019898478603686,98.86152050523283
4,96.00168101832554,98.63840105078975
5,21.054096688459477,7.115257554183529
6,43.647390559337516,42.65059228301671
7,28.055469254457456,36.4978469810332
8,70.30175879353583,9.078522994100913
9,70.61574530828042,96.75139955375202
10,24.849289995181636,93.7018553720411
11,55.30577086673974,88.72178350152903
12,36.129551963772585,13.329305636469691
13,80.09071025208239,17.880339001583113
14,1.0948021148888154,69.52076953743496
15,18.40606493218918,81.15395941744
16,80.05280001026772,15.49098520118094
17,3.254658699818491,55.30422224084508
18,55.239846050117535,98.32018502156882
19,52.80401241795604,3.9488769824666314
20,12.192747634383117,42.24427458433168
21,28.064246240236734,21.763079113099327
22,90.92237812656565,82.26709532426857
23,38.191763026300066,44.83594233872859
24,71.2879962322652,90.64631265047845
25,36.40166065412894,47.870806094805914
26,35.725408614146026,26.745786599431852
27,3.2220514450781335,6.189156441456289
28,62.77484388226958,69.46129861685192
29,35.675129094085,57.53674367632566
30,44.25549941111675,9.867036966463827
31,93.75065098994433,62.9664209394318
32,73.4103159541075,11.675574761794428
33,88.75411903275624,3.35867288230024
34,22.10199277834256,29.9365235254043
35,69.4867308016126,11.625402672469477
36,24.431025004072794,73.5669530341953
37,94.67156186817522,12.017049827381987
38,10.425523125170955,49.107020584817704
39,42.78383744711161,19.889554459403335
40,13.830106618991621,46.8621388444058
41,67.93534701068965,73.12949818610927
42,20.342431598817612,66.49677952816783
43,71.44127399130441,93.1539475101724
44,88.9496223802408,43.2816143218524
45,44.18940641782185,22.604743454791855
46,88.46621789792496,81.655035738897
47,67.12691894404645,85.40592511720254
48,98.84356799671114,3.4611621309245555
49,79.76925633683246,18.591370790630325
50,28.36968165548698,16.87846323692217
51,41.6979722178324,73.98269200882135
52,21.86807759628384,22.679355249499512
53,27.69922945368566,27.976207063160786
54,97.11389605490679,3.1133399526159233
55,51.88860396718172,93.41102937227508
56,79.08849407967901,1.6191006916737471
57,39.592174304417384,90.65569840771145
58,57.474808263968434,5.108931400472527
59,67.45354587815548,8.547241972192076
60,85.50560641007084,17.946700253151704
61,13.838312618068127,5.262029904213783
62,34.95521838279571,86.51754077983223
63,52.11154396866837,60.16782509395904
64,88.84875564700229,15.921108954386675
65,11.400450249084704,90.68197185320443
66,40.75323180207333,32.83815959708664
67,89.26995770821293,31.529293343344765
68,41.654311144194324,90.3000578034325
69,62.78574620844189,56.64216853035602
70,70.26259518598803,82.08268185859666
71,57.70458645182976,70.15366830346073
72,39.115954100060875,99.09750238422707
73,16.88747385627479,46.05613122870281
74,24.595665336272244,68.67884735970287
75,71.41574352709009,27.09604752772329
76,65.70345766390169,72.33102752375412
77,20.05831485665408,81.22644879780752
78,26.159196263803473,64.3173734402779
79,9.089775535074306,6.855631737721657
80,40.06379083416453,47.19104142422265
81,47.267941294571955,23.44051352984734
82,1.2284520411950273,96.96681795489226
83,80.41412187070198,77.96097573013614
84,64.65972791426746,24.436648755535685
85,17.601673044297605,59.68502083465997
86,44.4891982969019,91.29455188606345
87,41.69521506718211,60.725397528183976
88,21.013756695918694,29.332745861056896
89,73.34949177431676,72.78110994834785
90,55.208551915337225,80.0344501410489
91,10.367092052090243,96.54814493367097
92,38.97849071833647,90.05196147457563
93,42.13193067403632,71.65748861504964
94,1.7062117814033884,65.78188810221212
95,96.22667183173924,23.233770358975857
96,33.48972293837279,10.928681082114366
97,83.23442758363993,49.12912335182275
98,64.46933282282416,85.89410659490292
99,98.86029321790403,58.11236707754595
100,84.40578336500472,73.23489835412354
,,
1,17.471651349793728,16.315355400580987
2,55.54457686303319,56.31776620889434
3,8.530734476285385,62.62855230320571
4,54.03012322456446,34.48952447126451
5,49.02257489177939,57.411536536743334
6,86.21120441518649,87.83821825835145
7,87.5701242146304,38.91540813416626
8,98.56837855016425,80.36048140254427
9,30.18463709749797,27.862896782189537
10,60.77430372256496,97.92703066637908
11,82.16593838155063,95.96970378688876
12,64.0195829784373,74.27388538216772
13,60.11254360838414,65.73512237173378
14,95.70489370583712,75.00550460767606
15,82.82896281497706,14.326687341407728
16,22.350481451262084,65.57051134608191
17,68.08827409529063,82.91819495253735
18,27.564724566663156,96.49258431587143
19,51.71651477107426,16.63815656916755
20,46.08200029050283,1.7798567131232401
21,48.24040574657214,45.04071231100863
22,62.39209432703564,80.39047211352297
23,86.18056346125434,16.341757437759462
24,89.6904685372904,18.818849848591668
25,21.694115385000188,41.85036028828595
26,0.032485363113110566,16.644191425088096
27,59.501470670643805,34.25366298553156
28,82.77550887839885,51.63959780896128
29,63.885909210555724,30.16259885887177
30,95.70886605386116,85.03708101204025
31,50.97665589395304,30.7370119633797
32,52.2136511900831,50.85608098639787
33,24.61301678216773,46.82478004668498
34,91.99005491528928,27.513394276124714
35,24.45444590096929,6.952487419974829
36,39.57833355830963,71.76191800484429
37,97.13071234120474,86.3041376294929
38,20.474786160822244,60.632026566681596
39,87.04264776639349,59.52103770216055
40,39.35032935456834,52.68213188095936
41,75.55236871838729,29.0176461075477
42,50.96168996676893,37.13183855154237
43,94.08868716501344,33.35918421823967
44,76.74243047368667,93.24363911497173
45,94.54434797838226,31.722525227580277
46,50.968386168475575,40.8638476300989
47,6.434142648513708,36.360148979412486
48,12.63090499172348,51.04373108118553
49,14.702470155449488,9.709508466595352
50,98.65617890870885,22.045809253624572
51,84.11564328783015,29.14905840475739
52,87.47909172566045,1.9182319872562137
53,56.1581766841686,27.989534051609077
54,7.339052316213158,82.36955960884607
55,34.36002527751906,36.10719617433643
56,60.78337739423078,80.86597490686236
57,43.94944923234006,52.306916301136596
58,21.31169847353499,24.617831953803883
59,82.46509038198295,13.561949298483821
60,77.54486765727452,98.85481821585257
61,75.75544451870398,69.27163305009063
62,24.90430274730532,10.458495373372978
63,48.99404545663477,4.090119637524337
64,2.4760296256826297,61.525529198890936
65,13.044788159342014,88.79689088909912
66,49.462648019808896,26.26609699788267
67,80.61091361725713,49.90986807890783
68,19.99928347668256,38.69332615271487
69,67.81971656699969,60.61737952251512
70,4.378046559940474,22.215119159265306
71,51.22426402234387,12.671508595591419
72,48.96763079468948,75.00701745048488
73,80.17550961493384,35.99002382994486
74,34.930478615804084,68.82435967866245
75,67.7436732036174,8.902693203284173
76,78.40822438177348,50.57545812805322
77,36.524987250978924,42.26522554969152
78,65.49817979335447,49.8135301815516
79,76.97431324370943,89.60428357537248
80,65.7818464463283,77.92566079821562
81,8.352639550257068,32.55490750199387
82,31.100053864399733,91.95993846689855
83,61.12016678821954,87.04183091980838
84,39.832260153394294,29.76995304469017
85,67.1006183288502,88.60040193847094
86,49.933070338265665,41.146689658767556
87,46.83129094063093,14.08022380358448
88,73.8923538655025,60.36656725252262
89,80.80257919898341,4.972428583786703
90,52.688613795948314,68.9268893804853
91,50.06279052109649,24.501450491833353
92,46.99840598329339,99.81983749642185
93,38.963233451442846,59.36423962036302
94,26.14913152396534,15.737076028556196
95,50.296031204086056,83.06756869731392
96,16.767270863580407,81.61614293842015
97,13.124850399247679,30.045004530041975
98,17.688638251269584,61.8821041570501
99,3.87461952184881,89.92948617440125
100,8.180877207885818,95.73428171794312
,,
1,1.9969284866622194,33.7819430650935
2,59.06654554144863,0.32167117806647383
3,62.07398810194579,39.38260631364413
4,13.725528282648082,11.16401228177205
5,10.031470003134146,99.30912558504015
6,65.93680087372161,41.29234920800561
7,70.57665621782496,58.43870559544834
8,10.731103100802885,75.3011018304031
9,92.0944343653393,60.699722717238636
10,54.74318618007415,72.25321735119849
11,72.82127942770506,30.926110379926786
12,12.59373112006913,91.45706794541624
13,71.47021685314627,10.226084505667455
14,80.92592185755085,17.43227819976897
15,44.066930686056835,64.65634527606963
16,86.03536870092184,95.53396528701865
17,93.99468990849923,48.09986228892477
18,1.887876134646782,33.022102099734255
19,95.11062878781762,33.29744906790072
20,87.89251080199553,29.905701047667634
21,65.77934508852515,84.68955181812711
22,83.26844171035911,16.333500703685466
23,87.01766960676039,51.74883913857536
24,77.70617469890962,33.017354491764664
25,8.491093325214461,47.82772413766989
26,44.323772736605946,16.164587151059095
27,6.950424867851868,45.53792593349739
28,5.766074905116714,21.464210260768535
29,3.969038259921731,82.73549858436816
30,84.03176250506742,91.56685479037515
31,27.13086461953894,87.01017346800738
32,7.527216294030847,6.539067907792962
33,87.90684725235866,3.022431896703126
34,39.70220404238224,79.1078844353641
35,12.558662801548815,47.32737830960816
36,2.0081463568027536,91.97644624646205
37,35.27988760739271,95.36533712487572
38,96.0816754836618,40.06462242045933
39,5.090426521627778,37.71200045079366
40,96.70978259166803,63.61589549781762
41,97.19026792798138,25.00334733573264
42,92.31863953971667,48.37404438264555
43,33.43983915388922,14.826286952809632
44,60.65054655279487,23.747075810578643
45,54.1032723114567,86.6595554352337
46,41.15418746847106,23.357398265564488
47,17.323853478110962,36.026449254688465
48,64.78462988850286,31.224465298730163
49,17.867239813864487,5.732269775032018
50,5.422308774596674,73.50420524315862
51,72.97097639379919,56.35974403389715
52,29.637263274286298,7.621742726497782
53,97.80415229212774,62.001117342768175
54,74.40478626883831,77.87789317725762
55,49.85770101040291,2.6584085458664086
56,48.84500005998574,78.63834985913498
57,68.09230124553586,26.942124963277802
58,25.789591378745236,86.68157185979358
59,46.9217056945054,92.71961519012531
60,43.09909909923684,91.07717542525063
61,18.58019268996377,99.03536453590179
62,17.742563480900586,91.10139657381605
63,53.41485477825296,75.40417883750496
64,36.34304154107662,86.94931256471324
65,59.59679823790933,50.35458304261601
66,29.563008396827883,45.482323241019216
67,33.91429700022748,38.458989528479684
68,4.295771496378786,79.53461744859523
69,19.043473711915492,48.39798357083387
70,22.490560079157397,76.21040876637474
71,54.501941406224844,9.713312637389382
72,71.09607423847694,90.57138976771357
73,28.65103957333499,16.789408290014862
74,61.08522412921372,52.84864210429534
75,98.05969289477446,9.98323135754836
76,28.17762933162349,39.44868436779003
77,63.39325955955687,25.526443647970876
78,62.432374526728104,24.63536287292072
79,98.38455065150544,55.44417145004071
80,59.28308293051491,15.195567974677903
81,58.41561468764308,13.402987639606945
82,1.084680218061107,15.762872598012512
83,54.566580825026264,12.840521278375705
84,7.4288705211115635,29.094619111186482
85,86.73330964062202,16.113789664984747
86,52.73433680787846,90.1430336563112
87,32.386481537307624,45.83734276624361
88,71.39596020060307,95.86168401453611
89,97.12225238601575,31.758410725625208
90,77.65066602816503,94.26350671713868
91,40.03469551102386,66.57620707911563
92,48.563038412469126,82.86289321339895
93,15.322075305091277,71.69359643489823
94,98.64817672916539,30.45749942023004
95,93.81697484721442,21.2618100871676
96,40.991178900502014,69.5063840581982
97,71.42919050320751,87.31457831232403
98,31.823551651744587,41.18668463852519
99,70.79968150911844,70.30777372010355
100,22.236563294997282,0.03580649383984058
,,
1,77.46928576235624,80.25172803436725
2,69.58575558400956,25.213515735341918
3,67.97831111838016,38.303310813583835
4,30.64613556786352,51.867325316915235
5,28.581721895981115,94.9700435018433
6,73.15511761015378,2.499093955597631
7,74.42893475240346,79.13987531805816
8,4.453542589291192,98.75621697173837
9,77.65392171284002,21.01681002657433
10,15.968718327063492,22.60305155148059
11,26.858332278763985,24.959588000738144
12,94.98384905888373,0.04023906715957537
13,52.45286981608929,92.69032261861877
14,55.678932947485,0.2173243969603722
15,59.89892889154043,2.6033024805502625
16,69.73917754817482,54.333167671030935
17,95.94555219958876,93.77464774297208
18,43.266944045527076,76.54735578110181
19,65.10649123986833,49.979870750152834
20,16.246701856721234,64.77189053742084
21,50.10232909318382,45.355833202101984
22,70.30297986436716,26.00167629038861
23,69.3902006126043,71.89041746366479
24,47.97011824120221,15.642328304093478
25,34.60269890645119,14.742139288863132
26,25.00441075490627,75.85069543268979
27,1.2203312914677245,74.77800720190706
28,5.349224355171433,2.932123525189989
29,82.17923731148959,15.646357819902745
30,71.33855028083572,71.21235926642278
31,14.64615094918461,43.77791364063466
32,6.436637986287264,44.07670997358537
33,92.03690574737307,6.069090975051072
34,67.92949502464734,24.986296059158885
35,78.661059204476,98.1660778386965
36,77.28089398990777,56.53259683616204
37,35.39968510865109,1.6147396653505175
38,87.40102030955006,9.032122945841392
39,48.38668005124449,64.66705438732846
40,47.89548742445643,4.681889938917527
41,20.23946205748467,92.79857080853554
42,59.729763105415316,48.619665850164104
43,79.80416649962591,34.699153017752636
44,54.45780896058705,26.124324315359882
45,54.92012629562787,55.81707695472923
46,78.37768712725627,70.20664110233032
47,29.109074262406175,63.269604979522164
48,90.40499047647795,44.421148328339136
49,0.7678484215944859,81.64122547874676
50,5.590021582532401,40.16444971305692
51,50.53453606802819,85.63384186939095
52,69.9714828627494,54.76450909253426
53,71.98869502685052,62.994494739498045
54,84.55317893041916,65.70959280008911
55,49.230481008517,66.52292887766754
56,23.994679441646493,85.38305221164185
57,90.60019864308482,22.781513689274536
58,18.724013401923067,95.23317785799722
59,68.76428365773809,8.04608641952058
60,31.866104796338334,59.50371331345951
61,86.43982364688769,81.81397345816596
62,81.00394816057288,26.599441991434404
63,84.51350215643797,67.11599917757414
64,24.850267201205376,72.46928028299891
65,52.40316275430102,57.71416451450314
66,80.4058549433926,31.38080284694782
67,5.289895719947291,37.34035089812308
68,45.011895724549674,41.54087016262963
69,60.90280656155444,78.67145480389523
70,98.5186354086279,43.8374632272401
71,28.185526221710933,56.04116800831511
72,1.9274531611978007,53.71763284071314
73,22.883809278223556,67.86427020339968
74,29.796566454373085,90.5786647181023
75,64.84055086614782,85.1941571117617
76,20.059976929712274,39.60421027007776
77,99.86222050910882,17.039604532967534
78,49.734952282636705,80.28792078277431
79,50.5896586351711,85.59552737109411
80,7.811471651797808,69.58081931483136
81,42.04889901341916,72.70621385081759
82,18.729153721755665,10.586722439086138
83,49.05768861294919,43.57556278425889
84,55.80520532153502,80.02581416367444
85,27.08002179259388,34.92270503141766
86,88.53988954666622,76.60600417117821
87,19.239304898481578,74.34441238934477
88,45.87475681471105,48.66450998783578
89,56.215475230388925,41.37770936915365
90,35.93538352876743,90.01121327339396
91,25.480995787746565,76.94689764128357
92,71.09328668995643,35.06905681689045
93,76.76372462437064,39.40685005846872
94,51.996920565350734,60.64002870130057
95,13.639749588064909,30.72601474811716
96,80.48825828261059,65.62045348629401
97,71.66912709967643,75.42567036485698
98,82.76317103137497,10.675658962092182
99,53.6675096227133,34.94222573692477
100,95.96684514052926,64.34321195397405
,,
1,44.58292756374681,4.633662043456576
2,1.3272965233680267,90.83638436868102
3,8.670912656537777,36.690437548413854
4,75.15382674105003,79.42452890179509
5,7.763805900841836,45.56481481258262
6,17.599202873467725,63.04256504324426
7,63.75964800722915,66.61181255151874
8,2.8990792787064845,51.6755794298385
9,93.37586774147502,91.93532084119222
10,0.26736655508468044,33.953074791928
11,65.68391259655509,44.55852567996352
12,18.70476640708787,81.94089115353151
13,39.7659996902763,90.6282837396082
14,44.17593310195688,12.596627207428535
15,47.720660263646444,66.10939398203048
16,75.16764719767843,77.00399602620665
17,0.26118013395565187,36.70432466690939
18,33.24065259583563,16.391962256816385
19,22.93479590161718,7.529827101899245
20,95.96773385359715,76.30631485878895
21,67.47519718919386,69.75223671527769
22,54.79360092255286,65.43629775880449
23,72.4637086994348,15.088943560734657
24,4.16705874438742,43.64466593217734
25,95.0778732842312,78.77465007502799
26,40.361377996911095,45.04218230143927
27,6.183451252295935,88.1020431751897
28,45.73553334254723,8.34187802770947
29,63.38037387335416,83.85273355652897
30,27.194046943490957,20.196801451386392
31,26.614710079058355,32.96649860575992
32,65.50572494324925,61.741330256587936
33,81.38250079931049,22.788827559431102
34,85.22773500147794,37.29197102437837
35,3.222402809024627,13.243537111021631
36,60.771596072830015,13.671075604485294
37,85.58276030465213,52.478142381220785
38,55.69423590065783,25.701218813500294
39,71.04454332017845,83.99764439598937
40,45.07414702341735,27.153817518093692
41,24.807231130047548,26.98824702330389
42,22.997867415369523,84.331826233842
43,66.4595357026899,34.00717363277812
44,91.64263805632092,47.933323117917546
45,43.537993453834325,2.79985699332711
46,17.649487419068933,10.66698835837877
47,4.305516476247573,34.847929215570986
48,29.012153054030087,86.52408492696426
49,37.17180378304936,89.07329000639018
50,17.251200618583706,23.184709049456377
51,83.65130691614755,32.656828097605825
52,70.87669463206414,35.13293816164244
53,63.62560146117134,53.9359637412572
54,26.518474187452977,10.575960320532552
55,99.89852085628156,29.984537373593312
56,39.20627782470804,47.300580723513754
57,67.2328011156195,11.003111926661258
58,88.59940149583151,92.72166211023345
59,7.761920578695413,37.300242894399574
60,60.904488018180736,53.503867159120176
61,15.79347368114049,78.05836205907791
62,40.65885045140397,28.683849324622923
63,36.217216126402654,72.82686760461286
64,55.2426466664334,61.78500011494378
65,81.69513319486684,0.4548318346730862
66,78.50848568298098,15.88209942173865
67,81.83909345678569,1.372265671232642
68,57.68837126077977,26.094135573118148
69,28.771433305892046,93.15629765402903
70,44.42815979031371,52.44246355002169
71,10.225236336433397,10.274623255964821
72,39.09551572893092,18.81816401127052
73,97.7891088608087,17.813905054210423
74,55.59694441169704,34.89106621963201
75,37.644274001301106,60.621365502380044
76,5.4899391964457145,48.60142462976381
77,49.415077645566456,70.6947531600299
78,69.1792140144512,42.71472873538372
79,22.265015073691107,71.28362225524592
80,16.33968876399591,72.98307019251298
81,85.10357933291588,25.222255687905847
82,15.162708934639358,65.2604168991007
83,29.52725891837391,17.826630892113016
84,22.91701866844531,98.74556795547842
85,96.48469351489611,13.727141017506417
86,59.705050659438456,55.3327244896632
87,57.14508349597538,44.86056892548939
88,43.58719467344194,59.159028428387685
89,35.05936475214425,7.2305836924273725
90,60.65342270777514,9.477554808766053
91,18.65555121346174,57.30629871409331
92,43.17750570208291,82.0866969781613
93,22.557146829738382,19.137792822005693
94,72.67047707745272,71.94814286214228
95,86.4907324870695,11.047141552407869
96,4.127684471297655,47.95551326286801
97,32.54385657414976,59.491317791796995
98,10.941680412222254,79.37705865328081
99,78.25155849629003,37.36413535120432
100,26.98526871960687,51.91190196131472
,,
1,26.923927063894524,1.4503006007819619
2,50.52164622273763,36.156444094874
3,22.606037927349508,39.54311356366313
4,84.3915846114445,18.387988702440026
5,85.40741390453897,67.50102369796535
6,56.59976568815171,85.19633703193183
7,72.93020861885739,62.853346378097775
8,96.06811002147421,98.15507283163363
9,99.67717670546605,30.357608068803255
10,33.093182739742666,38.951087385688474
11,48.77562060078997,53.52386127859865
12,27.087249545905433,25.227510856292067
13,52.750158961096204,65.23817456814288
14,25.075006589899772,56.607481771836035
15,13.22719014594087,35.74464805687144
16,67.19135676083654,56.671358684936145
17,19.149686638218032,68.36595848004504
18,93.77460688192093,26.75249452498072
19,56.514337538482565,11.24067737657154
20,75.1137369952727,19.791757627084483
21,6.665049666905498,88.82036903381957
22,49.626250249078055,5.937385985647337
23,20.465849331256013,25.421137318873853
24,27.56677825305823,10.920824945760987
25,45.304529145091706,88.4114152903595
26,58.631902388184585,44.37239558022167
27,67.76613290401198,71.88377698319147
28,34.806484794092384,96.79230645677794
29,33.786386704884805,87.91477847529181
30,61.793172695309295,29.705951452579026
31,60.97454056852042,53.69709802493241
32,0.5499035787296824,58.526843426868645
33,46.50835386957344,75.40832295797175
34,22.848421657849638,19.34403151553378
35,49.957249404308136,35.3555651553654
36,88.05293672656434,26.900178666985664
37,83.73915468525365,8.901178365941398
38,39.82324639329142,96.14280637577744
39,40.13826032487893,34.44802089990263
40,99.57890302211794,37.765426855590356
41,10.778160690003947,13.25975286362101
42,64.1213588784102,66.54773287776507
43,16.20123049451316,91.95407994843124
44,61.43586001509755,31.92567010611411
45,21.204034350096645,42.71579001613285
46,61.54147979547635,62.33496035687524
47,76.79370640195063,87.17400917911064
48,2.7253841039668436,18.632645555887706
49,18.659939749775656,21.14134439247716
50,62.35225388359533,95.72495315339859
51,34.405596787265424,35.01631185877579
52,87.79289849435973,66.30040463293199
53,48.336507590623825,64.77372289088602
54,83.5722431228277,65.64689971879044
55,28.168407535947892,9.889786975705107
56,62.36693656959723,13.804293440239979
57,88.78254207538868,98.45513455880187
58,47.86054897511074,89.59002417217864
59,71.398982528137,24.829106467790364
60,79.41666147006516,46.50635910384013
61,66.25093330766919,44.23721806024137
62,89.94882423970526,0.05493064604140674
63,64.51898881316993,20.701412237778683
64,15.705830294421663,49.720678083355786
65,68.61814228683613,0.7503985558834358
66,38.03857897753636,48.20541687844304
67,86.70680958231333,88.79412873794267
68,60.337031679589124,59.37277468484867
69,55.48429439628367,57.10802789971837
70,63.254049631582596,21.888243311261423
71,55.221533117189104,72.05355271425452
72,69.71058033273478,53.267851093245525
73,73.07107096397242,84.9441407633212
74,18.31277399966368,83.1973731518778
75,48.36248521048995,20.23208481482911
76,58.736894956452645,5.804533653498478
77,3.6337129427404413,27.02967863796558
78,27.558961347809575,56.187757713758465
79,22.218400764145517,29.04805022177197
80,40.45732214192874,84.02487258881864
81,67.74631398983881,21.371924567965518
82,18.685941221282466,71.2349530097915
83,17.214404992395004,95.17014294385383
84,66.47694169800928,73.10326479606265
85,71.31217258081008,55.04139457532591
86,52.80455167140317,82.60078951759763
87,8.0699681323948,60.52365858827088
88,40.065964977792866,58.957224449847786
89,8.791934840151017,74.66915805875553
90,15.8092149702596,35.24650355641784
91,19.124770202611742,84.3195315790946
92,1.8390308490025764,12.299514027162362
93,42.12557135553274,14.895786874103445
94,8.090620641936919,22.92588832617428
95,8.173569930417646,13.50320513226454
96,47.61573879058501,2.784823599522901
97,98.04671734643975,43.16601854086248
98,31.300798777299732,37.89513077285478
99,54.65354769588187,19.47087610655338
100,48.323998141580724,26.409423063920045
,,
1,14.088982740009293,40.039504727934215
2,33.55661272016697,52.99603551666804
3,0.8581210422428986,89.89603311413916
4,16.95513881496987,85.92136114756988
5,41.628511813635484,53.54407955082744
6,75.20971700178126,11.133100685760011
7,80.6408329223877,12.859849561420255
8,76.0808676425107,99.9450468544431
9,46.728198753767,72.2539346100944
10,11.98764740914845,76.01930678858668
11,47.09875799208412,62.39605043675353
12,75.8844171469477,99.73698304191345
13,25.375761398761266,13.382545114415588
14,92.96191368644429,58.91714716926101
15,77.44264626555328,89.63253098301738
16,95.4432292993452,73.12354671447697
17,46.84575956712494,98.75824789218782
18,29.327257401085216,77.55350966657633
19,38.56060625955988,13.965829666842499
20,14.010404975565338,79.18787946315179
21,16.328511794178603,14.050804641341541
22,51.12480647336645,94.57101870030533
23,67.06038065092355,21.347897790845437
24,7.615487779103658,78.90293465150235
25,38.59162868833407,3.8148737085273887
26,73.97574586291385,34.90102623316229
27,55.15579321967318,7.829512494753354
28,49.54692727115527,88.91686443739853
29,6.198898776072081,35.67733708502851
30,39.046154980697665,61.0905035812196
31,29.581487327791432,80.40076794842878
32,83.25706470295825,39.75954771837915
33,9.336737539712448,65.1305319570178
34,57.73891452983698,48.31756914174294
35,12.40644197028049,25.154025334584674
36,44.42774579308042,95.26946092499674
37,23.469481471495456,86.23412945665845
38,15.154142640094681,41.85660243915056
39,20.95838305601364,70.58328075995102
40,76.85155044949485,42.956855125835304
41,45.187127199083044,71.02116839011245
42,66.81885154315367,94.45146172380743
43,93.42614425077707,65.54539077907285
44,14.903718914310105,77.86995732621229
45,6.40196842739903,97.31875399521316
46,69.35000350275612,84.04403017317397
47,94.66838096772955,86.65838201176271
48,73.17649314198238,51.744349150751276
49,18.989980021107012,49.699271952168466
50,16.3639619715403,66.11166192220651
51,29.54278032998604,72.75355153312586
52,56.55822524298206,40.47207806077904
53,3.3569633841105007,44.127192497543646
54,1.6555212136488473,62.554483552353545
55,30.566992131589476,36.60577266578786
56,87.51463466745669,96.6447321035863
57,17.103539612920226,54.701207701669375
58,6.240778506417433,55.35711036114572
59,10.455148078951881,7.145875698448267
60,74.43386245577616,84.91683143405365
61,59.82099826723797,17.825073443327554
62,69.36974003734987,75.3286336897793
63,67.38616127542524,49.09241179570786
64,27.750980361197175,1.1027453727093905
65,61.554980409306445,26.062285014855135
66,76.84738750311008,84.1789648387707
67,27.172044745886392,80.35452444773725
68,73.20893482404013,95.78955574377204
69,91.37900198088983,12.336121931585264
70,42.65304184652866,31.811726601151957
71,43.31429562131619,23.489423384904494
72,52.04339654217954,37.34588266226269
73,14.37253850014606,18.607337563891736
74,30.253529597956142,57.62453269961036
75,7.284930648841026,34.981269501042966
76,90.5121478177615,95.61092916757886
77,47.87560288082949,61.51113924249435
78,89.20096220541244,71.8055188822528
79,28.345676036386593,31.20120612144869
80,35.6326984165679,1.7304192368273075
81,62.53069985822691,92.77677297594134
82,16.544295621929408,23.262990750862855
83,1.651347026513228,23.32200325195386
84,50.760062832417994,13.76471433412878
85,8.052629085492825,13.556954692653346
86,11.87674036755868,40.5365497619783
87,96.49331222281052,67.56848513659517
88,67.36904074432333,13.336505371568796
89,7.078703211137938,12.509872172249425
90,97.74579490634504,77.58261398728219
91,75.31927802864953,14.424550739112018
92,96.09176803967924,71.50607800442941
93,7.890733889706181,34.661914568311325
94,18.067789894577857,33.511012505635875
95,8.079069514494808,65.65322796261142
96,22.33509161818683,64.46342560151199
97,64.36096621661838,82.09861056289863
98,97.70968982997033,85.2600999223549
99,48.86367756102118,18.843518912127966
100,40.388873608225275,93.49596398787932
,,
1,87.68326567998895,75.31761523122336
2,80.09810425234674,48.756319305628416
3,36.87204990188879,51.98995444205603
4,91.49997873381355,5.233632159618429
5,44.835997017157595,75.71546085215117
6,75.05979485484279,28.071637572977448
7,28.946999781057915,28.017366628975637
8,49.807185406299915,42.00539707548807
9,64.87604150805562,33.86577070612211
10,48.86974039010359,39.462157966875246
11,45.836894583637054,53.91699069061783
12,51.30995990794344,6.889183417662215
13,75.46562195617238,75.54217367401617
14,22.1460204531697,29.749552114094524
15,1.5816219584330216,12.105249898201064
16,68.35830975962213,53.7293485345934
17,30.769174318391258,75.6899761185584
18,12.080298770018095,37.01950537729141
19,3.532742633960795,92.55693555357026
20,63.56448439908602,46.41853581823581
21,65.42030948091625,0.7029762359227032
22,15.434711944418233,81.44657928535027
23,64.68845327049598,86.72530139308165
24,87.62774730971346,70.8474312253084
25,3.6241202945136664,13.014469644033799
26,87.72003077354462,21.59012723803957
27,40.97506316627014,69.7904995954394
28,74.52259536054459,86.7513459493172
29,44.43137441483962,52.775256895010294
30,70.1470752664176,91.1855513038925
31,71.91821710048804,81.92723082318633
32,48.17904187226887,38.63015108929512
33,68.41690687037153,89.54826805918259
34,10.891546022018616,19.19207997480835
35,98.43186563926952,28.687224938606693
36,43.75003063166998,67.7690817744773
37,54.478572876315035,37.50567271327255
38,89.74252279396575,95.90683032599472
39,54.27555205683312,34.80087491709547
40,51.634819818762935,68.23625362092733
41,98.86688773073212,74.29743506479103
42,12.781464478812222,87.29842810259746
43,93.58362122307528,97.20431218764956
44,66.02387048356157,97.35189679997548
45,61.58221568474119,31.096296681342274
46,84.56769462127312,92.66158730376301
47,62.43090443903757,20.18847286043558
48,73.55733774259915,14.149640070432856
49,36.51647298389255,42.59046673063206
50,86.31430703704824,43.16597371729962
51,87.72174229246733,62.930163375294946
52,88.40848865031846,81.62625831363138
53,80.3443564363734,45.9661709543658
54,11.944375229029946,48.558642527490036
55,85.21704777103616,19.001353662778985
56,93.71989724027397,80.45959518260743
57,53.931782194933874,38.01793599453978
58,41.122471157501536,80.0198095757545
59,98.68843357330583,0.3586309184303693
60,42.28306003523643,17.155233349215017
61,6.343928730098957,27.186931532767076
62,75.15551832799025,71.52988423095957
63,30.468542492463648,56.69981904070546
64,86.08019690316007,31.229455615412725
65,97.59339081080378,40.716247814259546
66,16.26526454520223,58.133181379220844
67,53.477027473915484,23.08640724756341
68,63.01700324377182,64.03374119307297
69,0.8386453878404421,15.888018814154181
70,18.880281674531084,17.40659038433182
71,96.27406440191993,12.807435647082666
72,24.3571147768193,96.68359130683497
73,12.145712734498249,71.19778597276193
74,7.3093136564757355,23.16764071007851
75,89.7469508531573,37.13362124703359
76,53.484823645076155,26.888187138462705
77,72.3817767479928,44.35902347903472
78,84.50891124520766,45.02417888187519
79,9.572570115233558,75.57343252996918
80,13.601678059012078,79.62407567828353
81,49.27964350532794,79.29609380056719
82,49.85420967562122,24.533506064094745
83,29.046628503472995,34.63854590493083
84,34.00462912972313,17.815353894044993
85,93.86152020709181,99.2918654252044
86,85.23114858993533,95.10419558728007
87,27.38058904848716,80.55790389529325
88,9.124584994171158,66.85881583942484
89,75.02109023114419,8.666049711675072
90,97.75986502398979,77.54336854309554
91,32.71227869913263,75.97867036966565
92,14.700886252123869,66.781811874666
93,34.67896927560806,20.7327259624035
94,9.972483977729985,78.02454578838986
95,8.805683471573222,16.907631568906044
96,5.1754228222264835,18.202954863513376
97,88.27610631826957,15.778248213429237
98,40.526866106950855,88.16999753371334
99,4.478074255667086,9.18390917415055
100,80.25654427928211,23.826352903692328
,,
1,58.70264667154997,72.00439873731422
2,57.975144387348145,39.96367093480685
3,71.95861072149556,21.377793078556863
4,98.21361609380988,21.58669441462565
5,22.72426746054842,52.1589581877379
6,61.489261561559026,64.38721674012967
7,99.50573758129177,99.26760093057864
8,75.4331694987527,87.37896720031824
9,6.138682003915486,81.61854204458496
10,37.95932717166151,62.56133928350685
11,10.586897899345772,4.124780150137797
12,62.407207862884896,73.09227963096893
13,66.61673353650687,99.34285889477292
14,43.093043443102296,32.78731582916842
15,23.570958068957772,93.4207713133004
16,66.85658899467924,51.99228261171391
17,79.5656605692355,60.59177824330414
18,49.677497227922004,74.95875715639916
19,15.292172818527828,81.33232522245954
20,14.462532763627634,76.05865635600088
21,99.03465325976268,80.86161838336925
22,9.560870021183888,46.550214982635616
23,69.85760247774941,86.42024750281423
24,14.811208661741283,4.754519371739763
25,93.814164088232,32.84243906332964
26,23.952377910058875,3.0493755686264
27,42.47521309312765,25.82351525840888
28,56.334744587391036,26.364425335602338
29,51.735928468531554,16.70975040477467
30,58.52263685474837,60.36425758557103
31,32.33513770638668,30.963951305145777
32,78.04919716226736,21.284838488301382
33,14.482396624724236,81.34997115724767
34,5.669497349525432,33.080576037638345
35,32.28687759517517,74.54747018279629
36,26.87181081144594,55.152997236213665
37,74.49585787834918,57.45571202828618
38,13.97290303404366,15.399701831141178
39,78.56353274560547,95.43930698528902
40,26.94317156589844,48.01087263087507
41,72.85633044429606,54.990545522667965
42,25.747504979081825,47.66428687912464
43,35.26695074428846,84.02723549812137
44,31.07518810890719,14.098908279015365
45,87.7203556365366,40.73401468801758
46,2.521457233109392,23.770047191009212
47,60.999972902745014,39.75210243632047
48,99.64833187375756,29.229269523500122
49,29.4875944353199,8.724194534978402
50,7.174070674168476,27.132654637072264
51,43.45629996694809,1.038789627672776
52,88.5058445555761,30.21700656879931
53,28.957601233994012,35.8587801718002
54,73.2222342228084,9.582468822332913
55,46.231803057503505,65.31622142094669
56,25.204417317627005,62.31824364364069
57,47.04319641497311,19.71052164775562
58,30.15290222613819,90.32396029213439
59,9.90300376844413,27.747586607755704
60,99.18777725711362,77.23812773206753
61,66.99720502742395,55.83315763738321
62,67.77113013622035,52.65622588933711
63,20.63232242127335,36.47645538403681
64,48.81431023575886,43.53913064063145
65,16.30678577485728,66.47611972314701
66,12.649731877256809,6.782232442677294
67,30.70858270208362,48.47778033108629
68,65.40484684704836,12.135482760136352
69,53.11963340735497,39.36936391570956
70,27.780164127379525,14.774828369019588
71,41.404278323216346,84.67266169029922
72,19.81428717055993,97.93620475802774
73,2.9575708274867663,77.48206255819942
74,85.11856582356792,91.29362738612535
75,62.435471695218695,78.52224786429207
76,81.08311173958633,73.44400523967762
77,85.82747498380702,93.45839945619238
78,46.32481460095163,91.13814898544291
79,97.65964236723723,32.66048159639639
80,81.93301793463017,93.67479249342722
81,99.24933257488013,59.66281024443256
82,39.43046200675173,84.1545569936562
83,91.14631880867977,77.8815624795196
84,93.89089192220247,43.00954578479034
85,58.25829208433512,21.765122581376417
86,38.68316932960991,59.25533792457463
87,48.44337528312119,79.90296642855
88,43.50919763189398,20.022792133511082
89,98.01526422741544,30.82643523783726
90,43.569821209137494,98.38156453390268
91,4.393846529242729,33.33543423349404
92,28.203079700689514,97.89507966452729
93,60.483604653203024,0.7873000443193057
94,9.96809934477232,43.106106274051335
95,10.75616796610298,89.95973015364802
96,62.28994151563756,87.41736889410248
97,39.82371762941167,86.71229999802921
98,78.63856542705543,76.1377438274871
99,29.707961608324275,70.19761746132328
100,35.161654156883614,34.541443595550014
,,
1,2.2844312968226865,76.22892678797768
2,40.7436159338943,26.31581253061579
3,67.41018722372061,77.66786211124612
4,36.562913012260104,73.17990360486255
5,45.15696707215041,93.84836408791391
6,33.92053817985278,69.04128027627846
7,27.01406542040372,95.87118638633534
8,27.51970627082119,82.74418002272638
9,84.42252336064678,56.26059292280097
10,75.66896937925885,85.59809446649348
11,71.64389169906197,18.763045794770118
12,73.5082710594046,62.35618021887799
13,90.1694167030987,18.09801782553171
14,64.65605848474041,4.029795853467144
15,50.41520892059663,81.59179076236647
16,86.69872629646086,14.882025192998594
17,63.178140482736836,34.06980948906024
18,20.60891626945034,51.16288641285669
19,3.2721260626892734,92.29511280040245
20,20.18631731069035,56.92578740014271
21,75.93008944372629,25.871825144386296
22,47.94633891520122,67.20558963317328
23,96.12909034413177,53.54780180255776
24,19.620124242071824,82.83275392657544
25,41.434037335666595,7.927561844243646
26,89.9520315068208,87.46961013225891
27,98.58969517065114,29.459502284349803
28,53.10453937101727,29.640699652873703
29,78.5518189583731,82.55783599449718
30,74.61606136003755,7.595872423088002
31,23.93146816399122,57.38700062441575
32,49.52389513164475,30.13669524340029
33,5.017650220731218,26.874781341987276
34,33.36850279592686,80.44570851776577
35,21.144475009615636,11.649659711111982
36,34.197373842639365,67.33273883132863
37,25.412671653363095,45.73867018302017
38,30.345643024039116,84.74911073111238
39,97.75989000982801,43.467228989714116
40,53.531956251318135,56.749778869157055
41,93.41789030001149,98.62867733015706
42,50.02709153177035,52.36831114824814
43,49.81800380889436,5.338061537374516
44,43.14020738859465,55.892055021446765
45,10.140858282867715,1.0349352696950476
46,49.34682626175508,45.93524486701273
47,30.071414385924523,94.83709803456235
48,38.50523575932377,90.56595009425212
49,50.29788010607174,21.945821500261797
50,34.16471800890763,2.8097427150704624
51,57.58851389423225,61.169301832856206
52,42.7803924284564,10.648631421300003
53,39.35619135407787,41.154792059536845
54,30.106539433055403,80.32224986058974
55,71.59423051987697,62.721316516932546
56,76.88948466347196,97.27142311151292
57,1.8171003248974804,95.3262923847475
58,69.76607348630239,38.33991037549496
59,78.24223279186764,25.699038192391843
60,19.937754235452022,22.893594968161977
61,18.83177843162055,88.90345974651542
62,3.2727906546182073,39.318813195457146
63,98.7169781298135,52.53683647387519
64,35.341032860455876,32.38268773049221
65,48.15957863714492,14.593340701973723
66,84.82784189049323,67.33413000806159
67,78.0726707876437,34.48095830818121
68,89.21013390246618,35.18655169797067
69,72.57543066945777,61.02790456479315
70,33.93509576994974,17.739495799831197
71,65.4100198961431,73.83060065678433
72,9.539189606006182,2.2537294437806055
73,66.13754133173718,44.55380722780682
74,42.69353850952374,71.95936765410559
75,46.793994321893784,55.39943628654177
76,75.97904774395408,12.57422140878306
77,81.11399641875386,50.51136589617202
78,56.6524759227903,83.02644262120992
79,62.37694210499408,39.18782651260004
80,99.16170895021203,98.0503630810184
81,15.546567186752924,86.10793470574849
82,60.64031731807765,55.697910075069366
83,30.873983931214365,48.097379519130676
84,90.61361103382062,45.889238847791134
85,50.68575881222077,6.674728319078138
86,55.45019372080232,53.37049672660535
87,30.833070345237378,84.95840437406142
88,90.87716829353141,13.614486470542353
89,66.12430125457337,39.88518603259211
90,72.01057967978923,89.21183959597556
91,48.217120093533104,1.1552919665929196
92,4.57325367257021,98.51863956050863
93,83.06424179029199,23.576566551562507
94,34.233856194731224,19.631150387030473
95,75.13976527967341,43.12692373400917
96,96.98520279526963,27.69257337001384
97,88.60413319747113,16.315584160016595
98,26.884680755963387,79.01132462025569
99,78.93163373246932,5.143394935669699
100,8.893401831583692,11.386537721502455
,,
1,12.664476979269102,25.106101231796874
2,41.73059365994983,67.92033772274661
3,31.842671780139764,65.58101680584218
4,37.63752082766263,95.12398522848751
5,7.9938903047871985,51.209072298393274
6,51.62005989833723,48.623765225647354
7,96.18167485551209,68.82313814841542
8,13.622993574674314,6.412236777712166
9,56.507966281243895,71.03774261401162
10,73.69697863657152,99.39074672320723
11,18.789490815753396,53.68240734707622
12,52.727153494230116,67.7990878258542
13,41.7702290322425,37.2197117702578
14,71.4103935326811,95.11166637160933
15,77.5977051956998,53.39360405920197
16,30.882088580372635,93.13433588571039
17,86.13778991533667,56.85678770429412
18,97.44206405963757,17.337608568700745
19,94.30462193814161,62.568859305510294
20,38.63508965335703,91.5695371262845
21,90.76176903015116,30.252512594929783
22,87.38405861567811,90.11820262480398
23,74.06067246121182,18.323166340916963
24,20.690952918763262,74.64958210487346
25,95.37084160807211,16.043680231535994
26,51.69271602076174,23.450038278764662
27,71.33842366925158,75.96427969546966
28,19.258392298198114,4.410943612595252
29,8.425640399414124,30.250874580246446
30,8.141718738711178,26.594684501000245
31,80.02133103697227,10.911934864054828
32,69.79437676372463,68.86477376654456
33,11.15240872791171,23.410451494602125
34,92.58082150666965,54.46405923627688
35,26.400430479538628,13.80194306552931
36,47.65027235620269,63.64888727723591
37,8.724188311338011,67.31835684212312
38,92.78045029906711,23.307723986704374
39,73.46144630336144,39.6851327687372
40,99.52907024165583,24.253765350345013
41,55.24600724778723,75.06395627513007
42,4.393870504416353,67.59299333255208
43,11.73062016352554,92.02850936630365
44,46.74177795383512,74.65323497119539
45,48.73163852377458,26.311652662447184
46,22.00327012447889,21.77216801096301
47,11.751436237924517,89.04842481436654
48,17.354234497255007,93.15036111867647
49,28.571119962415104,55.932345746076685
50,1.794722853008024,40.30746929199269
51,98.70405296040606,55.03679848054611
52,23.447054310814195,90.09662864809368
53,39.160627463119,45.676979173455344
54,13.982578924470946,8.221974026539346
55,46.93227536820267,74.89933659204219
56,55.652513627621005,10.989829593186096
57,90.1237106063552,51.62113046675084
58,99.43625931893469,20.367235966455844
59,89.59785595465942,32.1144253897612
60,30.369207264395303,48.913291284529045
61,69.08870277786163,54.78905483134015
62,86.08100889341497,6.724975766040753
63,58.794658442815184,11.402450717372648
64,27.334388281601775,74.5917859185265
65,52.46619279091976,71.71340965495384
66,61.174117277688,16.96788933270731
67,74.5206993385877,30.91279979647814
68,43.04593680537286,34.18040962661699
69,25.94027139599041,41.54356917054535
70,55.63809632298564,88.4234625738999
71,79.71805333002523,6.791636778000587
72,88.27284920380805,78.33210517790444
73,34.203026378596554,15.545052238124079
74,67.58580457154882,21.71730289539664
75,47.566732814966784,13.466137745922047
76,81.45629578364967,80.8331283335349
77,26.146834755425054,72.61165741591317
78,91.3080541487175,69.41382024410429
79,18.629521928182157,88.87089894865643
80,37.088647661479634,44.36175346683844
81,82.19622867599483,89.25218499700922
82,81.27992708859561,81.3549235712437
83,3.12240038235162,90.54671321077765
84,24.44059979795341,79.59733889580262
85,24.35257402334573,17.588557752071253
86,61.96322362335943,7.8790949723104635
87,81.41612385540783,63.950281711226076
88,21.297334688672144,49.664608134092894
89,44.4254123905239,22.066820719553924
90,27.152079354638648,92.14112830517121
91,6.543287728888281,59.064678287769624
92,49.587659811737,16.01531070569728
93,3.4186064743341738,92.1020650999423
94,35.72867198276951,25.205498745346024
95,94.62329126529187,91.40150077161341
96,84.44738730465924,48.5112902058567
97,37.658571317012225,97.51216883542249
98,5.953495703426159,74.21378029610737
99,10.206225002444091,49.936395595387005
100,72.11431052007575,81.43053926690801
,,
